num_threads,image,duration
1,image1.pgm,215
1,image1.pgm,366
1,image1.pgm,213
1,image1.pgm,219
1,image1.pgm,284
1,image1.pgm,243
1,image1.pgm,370
1,image1.pgm,208
1,image1.pgm,341
1,image1.pgm,208
1,image1.pgm,210
1,image1.pgm,363
1,image1.pgm,207
1,image1.pgm,364
1,image1.pgm,218
1,image1.pgm,335
1,image1.pgm,216
1,image1.pgm,369
1,image1.pgm,292
1,image1.pgm,363
2,image1.pgm,301
2,image1.pgm,307
2,image1.pgm,222
2,image1.pgm,303
2,image1.pgm,249
2,image1.pgm,311
2,image1.pgm,275
2,image1.pgm,296
2,image1.pgm,295
2,image1.pgm,298
2,image1.pgm,303
2,image1.pgm,293
2,image1.pgm,217
2,image1.pgm,316
2,image1.pgm,268
2,image1.pgm,295
2,image1.pgm,302
2,image1.pgm,292
2,image1.pgm,289
2,image1.pgm,211
3,image1.pgm,290
3,image1.pgm,262
3,image1.pgm,277
3,image1.pgm,269
3,image1.pgm,264
3,image1.pgm,229
3,image1.pgm,244
3,image1.pgm,312
3,image1.pgm,236
3,image1.pgm,280
3,image1.pgm,235
3,image1.pgm,280
3,image1.pgm,258
3,image1.pgm,310
3,image1.pgm,259
3,image1.pgm,255
3,image1.pgm,292
3,image1.pgm,269
3,image1.pgm,303
3,image1.pgm,291
4,image1.pgm,255
4,image1.pgm,250
4,image1.pgm,286
4,image1.pgm,277
4,image1.pgm,309
4,image1.pgm,267
4,image1.pgm,257
4,image1.pgm,258
4,image1.pgm,310
4,image1.pgm,269
4,image1.pgm,240
4,image1.pgm,251
4,image1.pgm,250
4,image1.pgm,331
4,image1.pgm,268
4,image1.pgm,250
4,image1.pgm,256
4,image1.pgm,256
4,image1.pgm,300
4,image1.pgm,249
5,image1.pgm,304
5,image1.pgm,267
5,image1.pgm,257
5,image1.pgm,300
5,image1.pgm,282
5,image1.pgm,264
5,image1.pgm,322
5,image1.pgm,260
5,image1.pgm,294
5,image1.pgm,268
5,image1.pgm,273
5,image1.pgm,319
5,image1.pgm,265
5,image1.pgm,260
5,image1.pgm,345
5,image1.pgm,258
5,image1.pgm,318
5,image1.pgm,260
5,image1.pgm,270
5,image1.pgm,254
6,image1.pgm,358
6,image1.pgm,292
6,image1.pgm,272
6,image1.pgm,279
6,image1.pgm,272
6,image1.pgm,297
6,image1.pgm,277
6,image1.pgm,315
6,image1.pgm,313
6,image1.pgm,304
6,image1.pgm,277
6,image1.pgm,324
6,image1.pgm,346
6,image1.pgm,302
6,image1.pgm,286
6,image1.pgm,277
6,image1.pgm,324
6,image1.pgm,304
6,image1.pgm,274
6,image1.pgm,383
7,image1.pgm,282
7,image1.pgm,368
7,image1.pgm,292
7,image1.pgm,289
7,image1.pgm,386
7,image1.pgm,293
7,image1.pgm,296
7,image1.pgm,282
7,image1.pgm,285
7,image1.pgm,287
7,image1.pgm,370
7,image1.pgm,292
7,image1.pgm,308
7,image1.pgm,284
7,image1.pgm,364
7,image1.pgm,396
7,image1.pgm,298
7,image1.pgm,390
7,image1.pgm,285
7,image1.pgm,273
8,image1.pgm,392
8,image1.pgm,407
8,image1.pgm,342
8,image1.pgm,310
8,image1.pgm,300
8,image1.pgm,357
8,image1.pgm,414
8,image1.pgm,329
8,image1.pgm,331
8,image1.pgm,413
8,image1.pgm,319
8,image1.pgm,435
8,image1.pgm,309
8,image1.pgm,328
8,image1.pgm,306
8,image1.pgm,404
8,image1.pgm,318
8,image1.pgm,313
8,image1.pgm,303
8,image1.pgm,421
9,image1.pgm,353
9,image1.pgm,378
9,image1.pgm,326
9,image1.pgm,375
9,image1.pgm,329
9,image1.pgm,320
9,image1.pgm,394
9,image1.pgm,324
9,image1.pgm,425
9,image1.pgm,439
9,image1.pgm,350
9,image1.pgm,419
9,image1.pgm,323
9,image1.pgm,458
9,image1.pgm,457
9,image1.pgm,329
9,image1.pgm,450
9,image1.pgm,358
9,image1.pgm,363
9,image1.pgm,340
10,image1.pgm,2502
10,image1.pgm,1241
10,image1.pgm,1793
10,image1.pgm,341
10,image1.pgm,2778
10,image1.pgm,388
10,image1.pgm,2835
10,image1.pgm,2906
10,image1.pgm,2158
10,image1.pgm,352
10,image1.pgm,349
10,image1.pgm,396
10,image1.pgm,385
10,image1.pgm,344
10,image1.pgm,2550
10,image1.pgm,344
10,image1.pgm,376
10,image1.pgm,357
10,image1.pgm,344
10,image1.pgm,390
11,image1.pgm,487
11,image1.pgm,3630
11,image1.pgm,371
11,image1.pgm,428
11,image1.pgm,768
11,image1.pgm,430
11,image1.pgm,440
11,image1.pgm,1668
11,image1.pgm,497
11,image1.pgm,391
11,image1.pgm,462
11,image1.pgm,360
11,image1.pgm,424
11,image1.pgm,1058
11,image1.pgm,2861
11,image1.pgm,370
11,image1.pgm,343
11,image1.pgm,3424
11,image1.pgm,402
11,image1.pgm,435
12,image1.pgm,2752
12,image1.pgm,2540
12,image1.pgm,489
12,image1.pgm,470
12,image1.pgm,461
12,image1.pgm,434
12,image1.pgm,3273
12,image1.pgm,475
12,image1.pgm,3387
12,image1.pgm,3268
12,image1.pgm,552
12,image1.pgm,2507
12,image1.pgm,1657
12,image1.pgm,2538
12,image1.pgm,411
12,image1.pgm,3973
12,image1.pgm,3719
12,image1.pgm,406
12,image1.pgm,3765
12,image1.pgm,460
13,image1.pgm,2938
13,image1.pgm,3641
13,image1.pgm,2630
13,image1.pgm,2757
13,image1.pgm,3555
13,image1.pgm,2470
13,image1.pgm,522
13,image1.pgm,1113
13,image1.pgm,1791
13,image1.pgm,416
13,image1.pgm,3584
13,image1.pgm,2431
13,image1.pgm,3188
13,image1.pgm,2110
13,image1.pgm,3195
13,image1.pgm,2950
13,image1.pgm,3954
13,image1.pgm,2863
13,image1.pgm,1963
13,image1.pgm,4156
14,image1.pgm,3588
14,image1.pgm,647
14,image1.pgm,3874
14,image1.pgm,3018
14,image1.pgm,3420
14,image1.pgm,3849
14,image1.pgm,601
14,image1.pgm,720
14,image1.pgm,621
14,image1.pgm,3278
14,image1.pgm,3666
14,image1.pgm,3003
14,image1.pgm,3317
14,image1.pgm,3606
14,image1.pgm,2337
14,image1.pgm,592
14,image1.pgm,2931
14,image1.pgm,2785
14,image1.pgm,3839
14,image1.pgm,2576
15,image1.pgm,3645
15,image1.pgm,3671
15,image1.pgm,3967
15,image1.pgm,3731
15,image1.pgm,3333
15,image1.pgm,2050
15,image1.pgm,2716
15,image1.pgm,3954
15,image1.pgm,4016
15,image1.pgm,3906
15,image1.pgm,3956
15,image1.pgm,3399
15,image1.pgm,4052
15,image1.pgm,3560
15,image1.pgm,3584
15,image1.pgm,4059
15,image1.pgm,4056
15,image1.pgm,3719
15,image1.pgm,3595
15,image1.pgm,3810
16,image1.pgm,4294
16,image1.pgm,3417
16,image1.pgm,3878
16,image1.pgm,3528
16,image1.pgm,3566
16,image1.pgm,4014
16,image1.pgm,3379
16,image1.pgm,3632
16,image1.pgm,3720
16,image1.pgm,3968
16,image1.pgm,5532
16,image1.pgm,5934
16,image1.pgm,3758
16,image1.pgm,3712
16,image1.pgm,3935
16,image1.pgm,3925
16,image1.pgm,2761
16,image1.pgm,3999
16,image1.pgm,4344
16,image1.pgm,3793
1,MontagneFoncee.pgm,1280
1,MontagneFoncee.pgm,1277
1,MontagneFoncee.pgm,1293
1,MontagneFoncee.pgm,1286
1,MontagneFoncee.pgm,1296
1,MontagneFoncee.pgm,1279
1,MontagneFoncee.pgm,1280
1,MontagneFoncee.pgm,1297
1,MontagneFoncee.pgm,1290
1,MontagneFoncee.pgm,1295
1,MontagneFoncee.pgm,1282
1,MontagneFoncee.pgm,1282
1,MontagneFoncee.pgm,1310
1,MontagneFoncee.pgm,1294
1,MontagneFoncee.pgm,1283
1,MontagneFoncee.pgm,1278
1,MontagneFoncee.pgm,1297
1,MontagneFoncee.pgm,1297
1,MontagneFoncee.pgm,1294
1,MontagneFoncee.pgm,1282
2,MontagneFoncee.pgm,1229
2,MontagneFoncee.pgm,1256
2,MontagneFoncee.pgm,1237
2,MontagneFoncee.pgm,1213
2,MontagneFoncee.pgm,1192
2,MontagneFoncee.pgm,1226
2,MontagneFoncee.pgm,940
2,MontagneFoncee.pgm,1230
2,MontagneFoncee.pgm,939
2,MontagneFoncee.pgm,1234
2,MontagneFoncee.pgm,938
2,MontagneFoncee.pgm,1226
2,MontagneFoncee.pgm,938
2,MontagneFoncee.pgm,1228
2,MontagneFoncee.pgm,1226
2,MontagneFoncee.pgm,1233
2,MontagneFoncee.pgm,1000
2,MontagneFoncee.pgm,1226
2,MontagneFoncee.pgm,942
2,MontagneFoncee.pgm,1253
3,MontagneFoncee.pgm,868
3,MontagneFoncee.pgm,865
3,MontagneFoncee.pgm,873
3,MontagneFoncee.pgm,872
3,MontagneFoncee.pgm,924
3,MontagneFoncee.pgm,882
3,MontagneFoncee.pgm,870
3,MontagneFoncee.pgm,893
3,MontagneFoncee.pgm,889
3,MontagneFoncee.pgm,869
3,MontagneFoncee.pgm,871
3,MontagneFoncee.pgm,874
3,MontagneFoncee.pgm,876
3,MontagneFoncee.pgm,873
3,MontagneFoncee.pgm,879
3,MontagneFoncee.pgm,874
3,MontagneFoncee.pgm,866
3,MontagneFoncee.pgm,894
3,MontagneFoncee.pgm,870
3,MontagneFoncee.pgm,872
4,MontagneFoncee.pgm,711
4,MontagneFoncee.pgm,719
4,MontagneFoncee.pgm,708
4,MontagneFoncee.pgm,711
4,MontagneFoncee.pgm,710
4,MontagneFoncee.pgm,713
4,MontagneFoncee.pgm,682
4,MontagneFoncee.pgm,714
4,MontagneFoncee.pgm,716
4,MontagneFoncee.pgm,711
4,MontagneFoncee.pgm,721
4,MontagneFoncee.pgm,708
4,MontagneFoncee.pgm,704
4,MontagneFoncee.pgm,716
4,MontagneFoncee.pgm,712
4,MontagneFoncee.pgm,713
4,MontagneFoncee.pgm,719
4,MontagneFoncee.pgm,722
4,MontagneFoncee.pgm,717
4,MontagneFoncee.pgm,732
5,MontagneFoncee.pgm,629
5,MontagneFoncee.pgm,628
5,MontagneFoncee.pgm,647
5,MontagneFoncee.pgm,630
5,MontagneFoncee.pgm,627
5,MontagneFoncee.pgm,631
5,MontagneFoncee.pgm,627
5,MontagneFoncee.pgm,622
5,MontagneFoncee.pgm,649
5,MontagneFoncee.pgm,617
5,MontagneFoncee.pgm,632
5,MontagneFoncee.pgm,654
5,MontagneFoncee.pgm,630
5,MontagneFoncee.pgm,627
5,MontagneFoncee.pgm,623
5,MontagneFoncee.pgm,645
5,MontagneFoncee.pgm,630
5,MontagneFoncee.pgm,629
5,MontagneFoncee.pgm,644
5,MontagneFoncee.pgm,631
6,MontagneFoncee.pgm,574
6,MontagneFoncee.pgm,584
6,MontagneFoncee.pgm,578
6,MontagneFoncee.pgm,580
6,MontagneFoncee.pgm,582
6,MontagneFoncee.pgm,568
6,MontagneFoncee.pgm,579
6,MontagneFoncee.pgm,572
6,MontagneFoncee.pgm,565
6,MontagneFoncee.pgm,568
6,MontagneFoncee.pgm,579
6,MontagneFoncee.pgm,583
6,MontagneFoncee.pgm,583
6,MontagneFoncee.pgm,578
6,MontagneFoncee.pgm,585
6,MontagneFoncee.pgm,588
6,MontagneFoncee.pgm,575
6,MontagneFoncee.pgm,571
6,MontagneFoncee.pgm,573
6,MontagneFoncee.pgm,568
7,MontagneFoncee.pgm,537
7,MontagneFoncee.pgm,545
7,MontagneFoncee.pgm,543
7,MontagneFoncee.pgm,542
7,MontagneFoncee.pgm,551
7,MontagneFoncee.pgm,560
7,MontagneFoncee.pgm,549
7,MontagneFoncee.pgm,554
7,MontagneFoncee.pgm,545
7,MontagneFoncee.pgm,546
7,MontagneFoncee.pgm,562
7,MontagneFoncee.pgm,559
7,MontagneFoncee.pgm,547
7,MontagneFoncee.pgm,554
7,MontagneFoncee.pgm,560
7,MontagneFoncee.pgm,554
7,MontagneFoncee.pgm,554
7,MontagneFoncee.pgm,581
7,MontagneFoncee.pgm,560
7,MontagneFoncee.pgm,556
8,MontagneFoncee.pgm,755
8,MontagneFoncee.pgm,527
8,MontagneFoncee.pgm,736
8,MontagneFoncee.pgm,756
8,MontagneFoncee.pgm,521
8,MontagneFoncee.pgm,543
8,MontagneFoncee.pgm,533
8,MontagneFoncee.pgm,517
8,MontagneFoncee.pgm,738
8,MontagneFoncee.pgm,727
8,MontagneFoncee.pgm,518
8,MontagneFoncee.pgm,752
8,MontagneFoncee.pgm,747
8,MontagneFoncee.pgm,743
8,MontagneFoncee.pgm,520
8,MontagneFoncee.pgm,755
8,MontagneFoncee.pgm,522
8,MontagneFoncee.pgm,755
8,MontagneFoncee.pgm,533
8,MontagneFoncee.pgm,532
9,MontagneFoncee.pgm,740
9,MontagneFoncee.pgm,742
9,MontagneFoncee.pgm,715
9,MontagneFoncee.pgm,2856
9,MontagneFoncee.pgm,712
9,MontagneFoncee.pgm,728
9,MontagneFoncee.pgm,698
9,MontagneFoncee.pgm,712
9,MontagneFoncee.pgm,706
9,MontagneFoncee.pgm,689
9,MontagneFoncee.pgm,717
9,MontagneFoncee.pgm,717
9,MontagneFoncee.pgm,739
9,MontagneFoncee.pgm,734
9,MontagneFoncee.pgm,751
9,MontagneFoncee.pgm,736
9,MontagneFoncee.pgm,734
9,MontagneFoncee.pgm,716
9,MontagneFoncee.pgm,705
9,MontagneFoncee.pgm,706
10,MontagneFoncee.pgm,666
10,MontagneFoncee.pgm,694
10,MontagneFoncee.pgm,691
10,MontagneFoncee.pgm,674
10,MontagneFoncee.pgm,684
10,MontagneFoncee.pgm,694
10,MontagneFoncee.pgm,690
10,MontagneFoncee.pgm,708
10,MontagneFoncee.pgm,675
10,MontagneFoncee.pgm,683
10,MontagneFoncee.pgm,689
10,MontagneFoncee.pgm,714
10,MontagneFoncee.pgm,672
10,MontagneFoncee.pgm,692
10,MontagneFoncee.pgm,700
10,MontagneFoncee.pgm,682
10,MontagneFoncee.pgm,678
10,MontagneFoncee.pgm,683
10,MontagneFoncee.pgm,655
10,MontagneFoncee.pgm,696
11,MontagneFoncee.pgm,678
11,MontagneFoncee.pgm,665
11,MontagneFoncee.pgm,2786
11,MontagneFoncee.pgm,667
11,MontagneFoncee.pgm,710
11,MontagneFoncee.pgm,698
11,MontagneFoncee.pgm,695
11,MontagneFoncee.pgm,673
11,MontagneFoncee.pgm,692
11,MontagneFoncee.pgm,681
11,MontagneFoncee.pgm,683
11,MontagneFoncee.pgm,711
11,MontagneFoncee.pgm,668
11,MontagneFoncee.pgm,666
11,MontagneFoncee.pgm,668
11,MontagneFoncee.pgm,685
11,MontagneFoncee.pgm,660
11,MontagneFoncee.pgm,660
11,MontagneFoncee.pgm,716
11,MontagneFoncee.pgm,670
12,MontagneFoncee.pgm,658
12,MontagneFoncee.pgm,693
12,MontagneFoncee.pgm,3197
12,MontagneFoncee.pgm,2803
12,MontagneFoncee.pgm,641
12,MontagneFoncee.pgm,650
12,MontagneFoncee.pgm,671
12,MontagneFoncee.pgm,679
12,MontagneFoncee.pgm,705
12,MontagneFoncee.pgm,690
12,MontagneFoncee.pgm,663
12,MontagneFoncee.pgm,683
12,MontagneFoncee.pgm,706
12,MontagneFoncee.pgm,713
12,MontagneFoncee.pgm,686
12,MontagneFoncee.pgm,2801
12,MontagneFoncee.pgm,674
12,MontagneFoncee.pgm,678
12,MontagneFoncee.pgm,711
12,MontagneFoncee.pgm,2696
13,MontagneFoncee.pgm,2826
13,MontagneFoncee.pgm,4299
13,MontagneFoncee.pgm,1584
13,MontagneFoncee.pgm,2308
13,MontagneFoncee.pgm,2811
13,MontagneFoncee.pgm,1718
13,MontagneFoncee.pgm,3967
13,MontagneFoncee.pgm,4260
13,MontagneFoncee.pgm,1288
13,MontagneFoncee.pgm,4177
13,MontagneFoncee.pgm,2793
13,MontagneFoncee.pgm,3636
13,MontagneFoncee.pgm,3383
13,MontagneFoncee.pgm,2252
13,MontagneFoncee.pgm,3247
13,MontagneFoncee.pgm,4431
13,MontagneFoncee.pgm,2784
13,MontagneFoncee.pgm,1970
13,MontagneFoncee.pgm,2785
13,MontagneFoncee.pgm,1788
14,MontagneFoncee.pgm,2805
14,MontagneFoncee.pgm,2827
14,MontagneFoncee.pgm,4170
14,MontagneFoncee.pgm,3872
14,MontagneFoncee.pgm,4161
14,MontagneFoncee.pgm,2824
14,MontagneFoncee.pgm,982
14,MontagneFoncee.pgm,5018
14,MontagneFoncee.pgm,4157
14,MontagneFoncee.pgm,2814
14,MontagneFoncee.pgm,3434
14,MontagneFoncee.pgm,3600
14,MontagneFoncee.pgm,3004
14,MontagneFoncee.pgm,3860
14,MontagneFoncee.pgm,1081
14,MontagneFoncee.pgm,4051
14,MontagneFoncee.pgm,2800
14,MontagneFoncee.pgm,3537
14,MontagneFoncee.pgm,4136
14,MontagneFoncee.pgm,2797
15,MontagneFoncee.pgm,2364
15,MontagneFoncee.pgm,4060
15,MontagneFoncee.pgm,715
15,MontagneFoncee.pgm,4144
15,MontagneFoncee.pgm,4128
15,MontagneFoncee.pgm,4154
15,MontagneFoncee.pgm,2803
15,MontagneFoncee.pgm,2620
15,MontagneFoncee.pgm,4133
15,MontagneFoncee.pgm,1376
15,MontagneFoncee.pgm,3078
15,MontagneFoncee.pgm,2776
15,MontagneFoncee.pgm,3215
15,MontagneFoncee.pgm,4165
15,MontagneFoncee.pgm,1665
15,MontagneFoncee.pgm,4119
15,MontagneFoncee.pgm,4970
15,MontagneFoncee.pgm,4162
15,MontagneFoncee.pgm,3917
15,MontagneFoncee.pgm,4406
16,MontagneFoncee.pgm,4206
16,MontagneFoncee.pgm,2778
16,MontagneFoncee.pgm,4132
16,MontagneFoncee.pgm,4122
16,MontagneFoncee.pgm,4117
16,MontagneFoncee.pgm,2864
16,MontagneFoncee.pgm,4877
16,MontagneFoncee.pgm,2846
16,MontagneFoncee.pgm,4208
16,MontagneFoncee.pgm,4135
16,MontagneFoncee.pgm,3665
16,MontagneFoncee.pgm,3238
16,MontagneFoncee.pgm,4952
16,MontagneFoncee.pgm,3706
16,MontagneFoncee.pgm,4937
16,MontagneFoncee.pgm,2988
16,MontagneFoncee.pgm,3249
16,MontagneFoncee.pgm,2324
16,MontagneFoncee.pgm,4360
16,MontagneFoncee.pgm,3726
1,stavrovouni.pgm,45771
1,stavrovouni.pgm,45863
1,stavrovouni.pgm,45371
1,stavrovouni.pgm,45313
1,stavrovouni.pgm,46449
1,stavrovouni.pgm,45677
1,stavrovouni.pgm,47209
1,stavrovouni.pgm,45402
1,stavrovouni.pgm,45362
1,stavrovouni.pgm,45342
1,stavrovouni.pgm,45345
1,stavrovouni.pgm,45713
1,stavrovouni.pgm,45332
1,stavrovouni.pgm,45323
1,stavrovouni.pgm,45697
1,stavrovouni.pgm,45661
1,stavrovouni.pgm,45353
1,stavrovouni.pgm,45336
1,stavrovouni.pgm,45689
1,stavrovouni.pgm,45316
2,stavrovouni.pgm,40514
2,stavrovouni.pgm,38748
2,stavrovouni.pgm,39383
2,stavrovouni.pgm,39959
2,stavrovouni.pgm,39240
2,stavrovouni.pgm,39799
2,stavrovouni.pgm,39552
2,stavrovouni.pgm,39188
2,stavrovouni.pgm,39302
2,stavrovouni.pgm,39978
2,stavrovouni.pgm,40044
2,stavrovouni.pgm,40138
2,stavrovouni.pgm,39405
2,stavrovouni.pgm,39238
2,stavrovouni.pgm,38555
2,stavrovouni.pgm,40059
2,stavrovouni.pgm,40339
2,stavrovouni.pgm,39421
2,stavrovouni.pgm,39281
2,stavrovouni.pgm,40442
3,stavrovouni.pgm,28727
3,stavrovouni.pgm,29232
3,stavrovouni.pgm,28143
3,stavrovouni.pgm,28286
3,stavrovouni.pgm,29016
3,stavrovouni.pgm,26993
3,stavrovouni.pgm,28452
3,stavrovouni.pgm,28685
3,stavrovouni.pgm,27955
3,stavrovouni.pgm,29225
3,stavrovouni.pgm,28770
3,stavrovouni.pgm,27642
3,stavrovouni.pgm,28577
3,stavrovouni.pgm,29375
3,stavrovouni.pgm,28003
3,stavrovouni.pgm,28872
3,stavrovouni.pgm,28754
3,stavrovouni.pgm,27698
3,stavrovouni.pgm,28518
3,stavrovouni.pgm,29300
4,stavrovouni.pgm,22119
4,stavrovouni.pgm,23181
4,stavrovouni.pgm,22384
4,stavrovouni.pgm,23431
4,stavrovouni.pgm,23003
4,stavrovouni.pgm,22579
4,stavrovouni.pgm,22652
4,stavrovouni.pgm,23618
4,stavrovouni.pgm,23698
4,stavrovouni.pgm,23670
4,stavrovouni.pgm,23436
4,stavrovouni.pgm,22608
4,stavrovouni.pgm,22798
4,stavrovouni.pgm,23666
4,stavrovouni.pgm,23225
4,stavrovouni.pgm,23563
4,stavrovouni.pgm,23718
4,stavrovouni.pgm,23151
4,stavrovouni.pgm,22643
4,stavrovouni.pgm,22719
5,stavrovouni.pgm,20287
5,stavrovouni.pgm,20017
5,stavrovouni.pgm,19811
5,stavrovouni.pgm,20388
5,stavrovouni.pgm,19617
5,stavrovouni.pgm,20206
5,stavrovouni.pgm,19896
5,stavrovouni.pgm,19091
5,stavrovouni.pgm,19108
5,stavrovouni.pgm,19469
5,stavrovouni.pgm,18994
5,stavrovouni.pgm,20260
5,stavrovouni.pgm,20521
5,stavrovouni.pgm,19606
5,stavrovouni.pgm,19463
5,stavrovouni.pgm,20262
5,stavrovouni.pgm,20394
5,stavrovouni.pgm,19124
5,stavrovouni.pgm,19777
5,stavrovouni.pgm,18984
6,stavrovouni.pgm,18198
6,stavrovouni.pgm,17848
6,stavrovouni.pgm,18052
6,stavrovouni.pgm,18139
6,stavrovouni.pgm,17107
6,stavrovouni.pgm,17367
6,stavrovouni.pgm,16978
6,stavrovouni.pgm,17845
6,stavrovouni.pgm,18355
6,stavrovouni.pgm,18282
6,stavrovouni.pgm,17256
6,stavrovouni.pgm,17184
6,stavrovouni.pgm,17952
6,stavrovouni.pgm,17793
6,stavrovouni.pgm,17640
6,stavrovouni.pgm,17877
6,stavrovouni.pgm,17052
6,stavrovouni.pgm,18342
6,stavrovouni.pgm,17798
6,stavrovouni.pgm,16820
7,stavrovouni.pgm,15247
7,stavrovouni.pgm,16701
7,stavrovouni.pgm,15810
7,stavrovouni.pgm,16482
7,stavrovouni.pgm,15657
7,stavrovouni.pgm,16705
7,stavrovouni.pgm,15217
7,stavrovouni.pgm,15878
7,stavrovouni.pgm,16034
7,stavrovouni.pgm,15845
7,stavrovouni.pgm,15185
7,stavrovouni.pgm,16847
7,stavrovouni.pgm,15386
7,stavrovouni.pgm,15523
7,stavrovouni.pgm,15910
7,stavrovouni.pgm,16918
7,stavrovouni.pgm,15942
7,stavrovouni.pgm,16719
7,stavrovouni.pgm,16127
7,stavrovouni.pgm,16409
8,stavrovouni.pgm,14771
8,stavrovouni.pgm,14955
8,stavrovouni.pgm,14735
8,stavrovouni.pgm,14935
8,stavrovouni.pgm,14210
8,stavrovouni.pgm,14994
8,stavrovouni.pgm,14994
8,stavrovouni.pgm,14954
8,stavrovouni.pgm,14948
8,stavrovouni.pgm,14150
8,stavrovouni.pgm,14979
8,stavrovouni.pgm,14964
8,stavrovouni.pgm,14880
8,stavrovouni.pgm,14947
8,stavrovouni.pgm,14356
8,stavrovouni.pgm,14979
8,stavrovouni.pgm,14859
8,stavrovouni.pgm,14336
8,stavrovouni.pgm,14966
8,stavrovouni.pgm,14894
9,stavrovouni.pgm,20110
9,stavrovouni.pgm,19724
9,stavrovouni.pgm,19948
9,stavrovouni.pgm,19417
9,stavrovouni.pgm,20277
9,stavrovouni.pgm,20487
9,stavrovouni.pgm,16755
9,stavrovouni.pgm,20532
9,stavrovouni.pgm,20246
9,stavrovouni.pgm,19691
9,stavrovouni.pgm,19210
9,stavrovouni.pgm,19606
9,stavrovouni.pgm,19703
9,stavrovouni.pgm,19099
9,stavrovouni.pgm,20553
9,stavrovouni.pgm,20041
9,stavrovouni.pgm,19108
9,stavrovouni.pgm,16919
9,stavrovouni.pgm,19091
9,stavrovouni.pgm,19353
10,stavrovouni.pgm,17572
10,stavrovouni.pgm,18256
10,stavrovouni.pgm,18667
10,stavrovouni.pgm,18641
10,stavrovouni.pgm,18553
10,stavrovouni.pgm,18315
10,stavrovouni.pgm,18026
10,stavrovouni.pgm,18253
10,stavrovouni.pgm,19227
10,stavrovouni.pgm,18127
10,stavrovouni.pgm,18279
10,stavrovouni.pgm,18305
10,stavrovouni.pgm,19115
10,stavrovouni.pgm,17768
10,stavrovouni.pgm,18850
10,stavrovouni.pgm,18274
10,stavrovouni.pgm,19364
10,stavrovouni.pgm,17600
10,stavrovouni.pgm,19157
10,stavrovouni.pgm,19151
11,stavrovouni.pgm,17310
11,stavrovouni.pgm,17655
11,stavrovouni.pgm,17200
11,stavrovouni.pgm,17082
11,stavrovouni.pgm,16974
11,stavrovouni.pgm,17019
11,stavrovouni.pgm,17451
11,stavrovouni.pgm,18009
11,stavrovouni.pgm,18015
11,stavrovouni.pgm,18167
11,stavrovouni.pgm,17646
11,stavrovouni.pgm,17661
11,stavrovouni.pgm,17614
11,stavrovouni.pgm,16928
11,stavrovouni.pgm,16696
11,stavrovouni.pgm,16972
11,stavrovouni.pgm,17668
11,stavrovouni.pgm,17639
11,stavrovouni.pgm,18010
11,stavrovouni.pgm,16906
12,stavrovouni.pgm,16094
12,stavrovouni.pgm,17373
12,stavrovouni.pgm,16679
12,stavrovouni.pgm,15968
12,stavrovouni.pgm,15859
12,stavrovouni.pgm,17110
12,stavrovouni.pgm,16112
12,stavrovouni.pgm,15889
12,stavrovouni.pgm,17058
12,stavrovouni.pgm,16605
12,stavrovouni.pgm,16766
12,stavrovouni.pgm,15840
12,stavrovouni.pgm,16864
12,stavrovouni.pgm,16345
12,stavrovouni.pgm,16810
12,stavrovouni.pgm,16692
12,stavrovouni.pgm,15890
12,stavrovouni.pgm,16090
12,stavrovouni.pgm,16032
12,stavrovouni.pgm,15993
13,stavrovouni.pgm,16643
13,stavrovouni.pgm,15846
13,stavrovouni.pgm,16244
13,stavrovouni.pgm,16513
13,stavrovouni.pgm,15325
13,stavrovouni.pgm,15830
13,stavrovouni.pgm,15033
13,stavrovouni.pgm,16098
13,stavrovouni.pgm,15890
13,stavrovouni.pgm,16614
13,stavrovouni.pgm,15932
13,stavrovouni.pgm,15337
13,stavrovouni.pgm,16149
13,stavrovouni.pgm,15670
13,stavrovouni.pgm,16263
13,stavrovouni.pgm,15163
13,stavrovouni.pgm,15824
13,stavrovouni.pgm,15854
13,stavrovouni.pgm,14934
13,stavrovouni.pgm,15047
14,stavrovouni.pgm,16332
14,stavrovouni.pgm,16137
14,stavrovouni.pgm,14440
14,stavrovouni.pgm,14477
14,stavrovouni.pgm,15587
14,stavrovouni.pgm,14616
14,stavrovouni.pgm,15140
14,stavrovouni.pgm,14905
14,stavrovouni.pgm,15572
14,stavrovouni.pgm,17997
14,stavrovouni.pgm,15768
14,stavrovouni.pgm,17168
14,stavrovouni.pgm,14393
14,stavrovouni.pgm,14679
14,stavrovouni.pgm,14668
14,stavrovouni.pgm,16997
14,stavrovouni.pgm,15011
14,stavrovouni.pgm,16312
14,stavrovouni.pgm,17525
14,stavrovouni.pgm,17336
15,stavrovouni.pgm,16202
15,stavrovouni.pgm,15167
15,stavrovouni.pgm,14908
15,stavrovouni.pgm,15425
15,stavrovouni.pgm,15860
15,stavrovouni.pgm,14046
15,stavrovouni.pgm,14661
15,stavrovouni.pgm,16467
15,stavrovouni.pgm,14334
15,stavrovouni.pgm,14552
15,stavrovouni.pgm,17188
15,stavrovouni.pgm,17442
15,stavrovouni.pgm,14024
15,stavrovouni.pgm,16382
15,stavrovouni.pgm,14730
15,stavrovouni.pgm,17123
15,stavrovouni.pgm,15738
15,stavrovouni.pgm,15062
15,stavrovouni.pgm,16678
15,stavrovouni.pgm,16580
16,stavrovouni.pgm,13847
16,stavrovouni.pgm,14776
16,stavrovouni.pgm,16722
16,stavrovouni.pgm,15694
16,stavrovouni.pgm,14794
16,stavrovouni.pgm,15050
16,stavrovouni.pgm,15973
16,stavrovouni.pgm,14245
16,stavrovouni.pgm,15748
16,stavrovouni.pgm,14044
16,stavrovouni.pgm,15814
16,stavrovouni.pgm,13318
16,stavrovouni.pgm,14516
16,stavrovouni.pgm,16574
16,stavrovouni.pgm,16154
16,stavrovouni.pgm,15910
16,stavrovouni.pgm,13767
16,stavrovouni.pgm,16376
16,stavrovouni.pgm,13540
16,stavrovouni.pgm,16348
